,atomic_number,atomic_volume,density,dipole_polarizability,electron_affinity,evaporation_heat,fusion_heat,group_id,lattice_constant,melting_point,period,specific_heat,thermal_conductivity,vdw_radius,covalent_radius_pyykko,en_pauling,atomic_weight,atomic_radius_rahm,valence,ionenergies,0,1,2,3,4,5,6,7,8,9,10,block
0,-1.7141016101436075,-0.3619528776520014,-1.364671037310584,-1.1464676967852405,0.135667980466911,-1.4032518864149004,-1.1847665799394305,-1.7152691934817954,-0.4355175569355037,-1.3742064586105838,-2.5233790560407523,8.836616281803742,-0.7207008249534296,-2.939820875391007,-3.001372817080204,0.760635720736473,-1.6082248407018405,-2.7633159993840626,-1.220107658459851,1.623499943087334,0.0,0.0,0.0,0.0,1.0,0.0,0.0,0.0,0.0,0.0,0.0,0
1,-1.6780152604563736,1.3035639205255738,-1.351130834948364,-1.1843920095146838,-7.837211204761058,-1.4074937906209242,0.0,1.6236135877232258,-0.5553826677741825,-1.3885157117891336,-2.5233790560407523,2.9539806724828854,-0.7210751163315967,-2.0976999164566426,-2.6109503368096085,0.0,-1.566888229006552,-3.37809777444981,-0.8965431965478463,4.85995793749719,0.0,0.0,0.0,0.0,1.0,0.0,0.0,0.0,0.0,0.0,0.0,0
2,-1.6419289107691397,-0.456049871899322,-1.2823636654709476,0.791485252495273,0.08259937475781089,-0.6460102103357027,-0.9620842086221322,-1.7152691934817954,-0.6086560503691507,-0.7829034145524116,-1.8686644901490976,1.8571196440559214,0.35292544567128037,-0.9187305739485323,-0.18475349512804973,-1.2950829198778666,-1.5263412446258176,-0.7345361416670955,-1.220107658459851,-0.7935364984762022,1.0,0.0,0.0,0.0,0.0,0.0,0.0,0.0,0.0,0.0,0.0,0
3,-1.6058425610819058,-1.2182355253026191,-1.0488751365476263,-0.7429488858690497,-1.0938116280754997,0.18280845127814707,-0.21365301472482912,-1.518864323999147,-1.4077567892936762,0.30980418785949115,-1.8686644901490976,0.7822087480400912,1.8272528403496464,-1.7327808342517514,-1.0492604157272258,-0.30092390515453854,-1.4977374341140237,-0.7652752304203837,-0.8965431965478463,0.3642138612261788,0.0,0.0,0.0,0.0,1.0,0.0,0.0,0.0,0.0,0.0,0.0,0
4,-1.5697562113946721,-1.2558743230015472,-0.9614502079096705,-0.9522795910889427,-0.049277353865409816,1.1892311118092502,0.7010069958427977,0.6415892403099842,2.8807505096012767,1.4295635101012862,-1.8686644901490976,0.26638063637844056,-0.3753567613385148,-0.6380235876370773,-1.5233448560558063,0.4910332760657397,-1.472920894522276,-1.1956224729664078,-0.5729787346358416,0.06242592048347468,0.0,0.0,0.0,0.0,0.0,0.0,0.0,0.0,0.0,1.0,0.0,1
5,-1.5336698617074382,-1.1900064270284227,-0.9774425729044186,-1.063987392018352,0.3336526328708668,0.0,0.0,0.8379941097926326,-0.5553826677741825,2.795845188022537,-1.8686644901490976,0.06366470764032006,-0.7028299976263687,-1.2555789575222782,-1.8022180562490888,1.3503910684537008,-1.45634264116973,-1.6567088042657174,-0.24941427272383687,0.9348733926108466,0.0,0.0,1.0,0.0,0.0,0.0,0.0,0.0,0.0,0.0,0.0,1
6,-1.4975835120202043,-0.06084249606057528,-1.233675798709159,-1.1113417858906014,-0.7040197450300917,0.0,0.0,1.0343989792752808,-0.2430674623111807,-1.3202125844422123,-1.8686644901490976,0.27606449369714386,-0.7226737845908864,-1.6766394369894604,-1.9137673363264018,2.1760485552578213,-1.4287904399276967,-1.9948387805518784,0.07415018918816785,1.8990803852265408,0.0,0.0,0.0,0.0,1.0,0.0,0.0,0.0,0.0,0.0,0.0,1
7,-1.4614971623329704,-0.3713625770767334,-1.1730825046735027,-1.1368403056679668,0.41121907374154626,0.0,0.0,1.2308038487579291,1.615507672970778,-1.329514694663184,-1.8686644901490976,0.1979478897123051,-0.7226610967475587,-1.7608515328828969,-2.136865896481028,2.8500546669346534,-1.4012934535178119,-2.2407514905781776,0.39771465110017257,1.6292784084105467,0.0,1.0,0.0,0.0,0.0,0.0,0.0,0.0,0.0,0.0,0.0,1
8,-1.4254108126457368,-0.07966189491003933,-1.1803679153933324,-1.1557820632168665,1.1674450289911262,-1.374238085316418,-1.15320719590492,1.4272087182405775,0.0,-1.3309061764041301,-1.8686644901490976,0.13661661891653853,-0.7226484089042311,-1.9012050260386244,-2.1089785764616997,3.759962917698377,-1.359890567970233,-2.4866642006044763,0.7212791130121773,2.7498550724889474,0.0,0.0,0.0,0.0,0.0,1.0,0.0,0.0,0.0,0.0,0.0,1
9,-1.3893244629585029,-0.10789099318423559,-1.163309392732268,-1.1688822313062948,-0.1583111087665205,-1.3989482069049055,0.0,1.6236135877232258,0.01730619512172712,-1.3369651480792741,-1.8686644901490976,0.2689630048973975,-0.7223806954047985,-1.704710135620606,-2.025316616403715,0.0,-1.3435842913271463,-2.7018378218774877,1.044843574924182,3.9696711613487596,0.0,0.0,0.0,1.0,0.0,0.0,0.0,0.0,0.0,0.0,0.0,1
10,-1.353238113271269,0.5413782671222765,-1.2047118487742265,0.7743344624069259,0.05526599854301776,-0.9039221044155403,-0.9821601526644418,-1.7152691934817954,-0.11587726136569329,-0.9831124370115537,-1.2139499242574432,0.3935622859370704,1.0786700840155363,0.3444508644530147,0.428767545297172,-1.3793336838374706,-1.3047949154220282,-0.5808406979006595,-1.220107658459851,-0.8679432597894118,1.0,0.0,0.0,0.0,0.0,0.0,0.0,0.0,0.0,0.0,0.0,0
11,-1.3171517635840353,-0.3713625770767334,-1.068421360430096,-0.3366724707496983,-0.1583111087665205,-0.7294068706968477,-0.4553673809942372,-1.518864323999147,-0.7951128894515401,-0.37936275312885437,-1.2139499242574432,0.26638063637844056,1.2562998906032912,-1.1713668616288417,-0.017429575012080162,-0.7390278777444798,-1.2866398545617355,-0.119754366601349,-0.8965431965478463,-0.1295369861498574,0.0,0.0,0.0,0.0,1.0,0.0,0.0,0.0,0.0,0.0,0.0,0
12,-1.2810654138968014,-0.7477505540660159,-0.8976762101695032,-0.49937731123383794,0.010402511972023465,0.05462469553786856,-0.33089652793191743,0.6415892403099842,-0.2357423722043725,-0.3667627216163489,-1.2139499242574432,0.18568162016103595,2.2840152001467304,-0.8625891766862412,-0.37996473526334756,-0.2335232939868552,-1.2496936985577025,-0.15049345535463637,-0.5729787346358416,-0.6185762919682974,0.0,0.0,0.0,1.0,0.0,0.0,0.0,0.0,0.0,0.0,0.0,1
13,-1.2449790642095675,-0.5501468661466427,-0.9632271373535314,-0.7482914328700215,0.3833129373338062,0.5637561591006619,2.869208952412238,0.8379941097926326,0.6832234775588315,0.4544306365247719,-1.2139499242574432,0.058499970602406165,1.1674849873094137,-0.1327510122764586,-0.6588379354566305,0.2551311369788481,-1.2344618381815322,-0.3656670766276488,-0.24941427272383687,0.019327157848774784,0.0,0.0,1.0,0.0,0.0,0.0,0.0,0.0,0.0,0.0,0.0,1
14,-1.2088927145223336,-0.08907159433477153,-1.053850538990437,-0.8976399058517317,0.13271023965836246,-1.1515381145001748,-0.9925996435664429,1.0343989792752808,1.8419195489993934,-1.0419052797038186,-1.2139499242574432,0.09336194560832502,-0.72000933747392,-0.9748719712108233,-0.798274535553271,0.7437855679445518,-1.194586210972497,-0.6423188754072342,0.07415018918816785,0.7070303890995423,0.0,1.0,0.0,0.0,0.0,0.0,0.0,0.0,0.0,0.0,0.0,1
15,-1.1728063648351,-0.23021708570575247,-1.0094273028939147,-0.965635958591372,0.6513271823683853,-1.353852235005916,-1.0953884770630682,1.2308038487579291,4.0394465810418385,-0.9666337871030248,-1.2139499242574432,0.07722214236484407,-0.7195779508189284,-0.9748719712108233,-1.0213730957078975,1.4009415268294638,-1.179592098734096,-0.9189706741868205,0.39771465110017257,0.669721874068974,0.0,0.0,0.0,0.0,0.0,0.0,1.0,0.0,0.0,0.0,0.0,1
16,-1.136720015147866,0.07089329588567346,-1.10005070453082,-1.023918289511064,1.2498997719087013,-1.3028361298096847,-0.6794149165064126,1.4272087182405775,1.2226164763328864,-1.2008848077442145,-1.2139499242574432,-0.08662912828026095,-0.7228894779274573,-1.1152254643665507,-1.1329223757852105,2.378250388760871,-1.1327975284883582,-1.1648833842131194,0.7212791130121773,1.4377160478983546,0.0,0.0,0.0,0.0,0.0,0.0,1.0,0.0,0.0,0.0,0.0,1
17,-1.1006336654606321,0.5884267642459369,-1.1284815756325943,-1.066622239062013,-4.640917763788712,-1.3743410441563702,0.0,1.6236135877232258,0.5700175395445238,-1.2977407021533873,-1.2139499242574432,-0.30625958270026293,-0.7227790936905064,-0.7503063821616593,-1.2165843358431954,0.0,-1.0707084497375239,-1.4415351829927059,1.044843574924182,2.260008136101837,0.0,0.0,0.0,1.0,0.0,0.0,0.0,0.0,0.0,0.0,0.0,1
18,-1.0645473157733982,2.573873342864402,-1.2251465373786268,2.3163878013237706,0.03715782682426026,-1.3959109211263208,7.036974935595717,-1.7152691934817954,0.5500400210714111,-1.020540008878266,-0.5592353583657885,0.09077957708936805,0.2793359543706391,1.691844398747998,1.5721476660896307,-1.5646853645485999,-1.0824374604566396,-0.3041888991210732,-1.220107658459851,-1.103091270308086,1.0,0.0,0.0,0.0,0.0,0.0,0.0,0.0,0.0,0.0,0.0,0
19,-1.0284609660861646,1.1247796314556644,-1.101827633974681,0.7512643730845483,-0.1487417180377557,-0.617181735149134,-0.4553673809942372,-1.518864323999147,0.7831110699243974,-0.17118831944398052,-0.5592353583657885,0.026220364115444338,1.8145649970219495,0.45673365897759666,0.8749646656064242,-1.261382614294025,-1.0689139676927017,0.802418295997272,-0.8965431965478463,-0.5810584326855922,0.0,0.0,0.0,1.0,0.0,0.0,0.0,0.0,0.0,0.0,0.0,0
20,-0.9923746163989307,-0.27726558282941277,-0.8459497940587125,-0.023404942056355064,-0.08503023475398377,0.3048146766213038,0.07463754172273716,-1.3224594545164987,-0.7285211612078296,0.5979614302759217,-0.5592353583657885,-0.03640207246926167,-0.5225357439397974,0.007602480879268836,0.23355630516187417,-0.6547771137848756,-1.0015807498289122,0.5872446747242605,-0.5729787346358416,-0.44901522304424835,0.0,0.0,0.0,0.0,1.0,0.0,0.0,0.0,0.0,0.0,0.0,2
21,-0.9562882667116968,-0.6912923575176235,-0.5705257302602743,0.013021514768452295,-0.12751755000593323,0.7676146622056834,0.31554887023045275,-1.1260545850338504,-0.9682513828851871,0.7283443650575007,-0.5592353583657885,-0.05770661275065652,-0.4451398996408471,-0.10468031364531312,-0.10109153507006494,-0.351474363530301,-0.9613968857918014,0.40281014220453626,-0.24941427272383687,-0.37048756695627233,0.0,0.0,0.0,0.0,1.0,0.0,0.0,0.0,0.0,0.0,0.0,2
22,-0.920201917024463,-0.9030105945740949,-0.2915478075741143,-0.14482646480571293,0.04632962983231873,0.9601476929159813,0.21115396121044258,-0.9296497155512021,-0.9216371731145899,0.9770580305652183,-0.5592353583657885,-0.08223911368074757,-0.33348687835711543,-0.21696310816989586,-0.15686617510872147,-0.1998229884030139,-0.9189573854317656,0.2491146984380994,0.07415018918816785,-0.39461840912053053,1.0,0.0,0.0,0.0,0.0,0.0,0.0,0.0,0.0,0.0,0.0,2
23,-0.8841155673372291,-1.008399228131094,-0.10141635708099903,-0.19339507390545607,0.10129028534172123,0.3526905371989983,0.4922171778027774,-0.7332448460685539,-1.0148655926557846,0.9441883831412909,-0.5592353583657885,-0.08030233729152986,0.46838481995332115,-0.24503380680104056,-0.4915140153406606,-0.14927253002725144,-0.9043999949358498,-0.33492798787436057,0.39771465110017257,-0.3886328952823429,1.0,0.0,0.0,0.0,0.0,0.0,0.0,0.0,0.0,0.0,0.0,2
24,-0.8480292176499953,-0.9933437090515227,-0.09608556874941632,-0.3755273580294929,-0.1583111087665205,-0.2702104445107894,-0.11809152108343532,-0.5368399765859055,2.987297274791213,0.27255192077904006,-0.5592353583657885,-0.08740385071866147,-0.6253072773141555,-0.27310450543218684,-0.5751759753986454,-0.33462421073838017,-0.8637902588983787,-0.05827618909477426,0.7212791130121773,-0.19203896864253256,0.0,1.0,0.0,0.0,0.0,0.0,0.0,0.0,0.0,0.0,0.0,2
25,-0.8119428679627614,-1.0206318373832457,0.021902546322946838,-0.4483802716791076,-0.09945253442666387,0.34239465320379514,-0.08597001061573988,-0.34043510710325725,-1.0215247654801556,0.5913875007911363,-0.5592353583657885,-0.10935398312979552,0.29709893502941465,-0.30117520406333154,-0.6588379354566305,0.13718006743540268,-0.8512709030718909,-0.2119716328612111,1.044843574924182,-0.05407150515799921,1.0,0.0,0.0,0.0,0.0,0.0,0.0,0.0,0.0,0.0,0.0,2
26,-0.7758565182755276,-1.058270635082174,0.20421550726307444,-0.5333753376036581,0.09983108383586546,0.5951586052860315,0.04894033334858081,-0.14403023762060893,-1.2612549871575134,0.5475613042258997,-0.5592353583657885,-0.10096128544318543,0.5457806642522715,-0.4134579985879135,-0.798274535553271,0.22143083139500644,-0.8086423747339953,-0.33492798787436057,1.3684080368361866,-0.06039123939197361,0.0,0.0,0.0,0.0,1.0,0.0,0.0,0.0,0.0,0.0,0.0,2
27,-0.7397701685882937,-1.0676803345069061,0.20457089315184643,-0.6062282512532728,0.29228830803397116,0.5411052143112152,0.2199873765890588,0.05237463186203936,-0.5886785318960377,0.5015437978324012,-0.5592353583657885,-0.10935398312979552,0.43032128997023084,-0.49767009448134997,-0.8261618555725992,0.2719812897707689,-0.8119524210990414,-0.45788434288751007,1.6919724987481914,-0.13140953926618834,0.0,0.0,0.0,1.0,0.0,0.0,0.0,0.0,0.0,0.0,0.0,2
28,-0.7036838189010599,-1.0206318373832457,0.2148770839262399,-0.6365836319406123,0.32308186679455847,0.16015750648870036,-0.1494099937894384,0.24877950134468765,-0.5287459764766984,0.09680887255244117,-0.5592353583657885,-0.1467983266546713,4.364821505889002,-0.5257407931124954,-0.7703872155339427,0.2551311369788481,-0.7449685474782545,-0.8267534079269585,2.0155369606601963,-0.10593274432721618,0.0,0.0,0.0,1.0,0.0,0.0,0.0,0.0,0.0,0.0,0.0,2
29,-0.667597469213826,-0.8230281494638725,-0.10976792546714517,-0.7316566842533595,-0.1583111087665205,-0.8169218846560741,-0.6095506312391751,0.445184370827336,-1.1613673947919474,-0.6305635552916492,-0.5592353583657885,-0.14486155026545358,0.7487861574954199,-0.3853872999567688,-0.6030632954179737,-0.16612268281917225,-0.71965254693823,-0.6730579641605208,2.3391014225722007,0.3852719845067185,0.0,0.0,0.0,0.0,1.0,0.0,0.0,0.0,0.0,0.0,0.0,2
30,-0.6315111195265922,-0.5783759644208387,-0.3270863964513322,-0.594086098978337,0.009299400943004962,-0.016416904029032897,-0.7452640129651882,0.6415892403099842,0.07057957771669553,-1.0576498408198798,-0.5592353583657885,-0.15519102434128138,-0.366475271009127,-0.7783770807928049,-0.4357393753020041,0.103479761851561,-0.6597030429331445,-0.33492798787436057,-0.5729787346358416,-0.614590445736062,0.0,0.0,0.0,0.0,0.0,0.0,1.0,0.0,0.0,0.0,0.0,1
31,-0.5954247698393583,-0.4090013747756617,-0.4313921548059665,-0.7155076217276949,0.3221900229661505,0.28061934923257653,1.761016841276746,0.8379941097926326,0.8363844525193659,-0.06315674491067241,-0.5592353583657885,-0.18747063082824325,0.04080449980993962,-0.10468031364531312,-0.5194013353599889,0.4404828176899768,-0.6195756636693215,-0.3041888991210732,-0.24941427272383687,-0.05496472300814208,0.0,0.0,1.0,0.0,0.0,0.0,0.0,0.0,0.0,0.0,0.0,1
32,-0.5593384201521245,-0.456049871899322,-0.35907112644082817,-0.8369291444770528,0.15508156520198757,-1.2411123052584419,0.0,1.0343989792752808,-0.18246898960940408,-0.19529272755486066,-0.5592353583657885,-0.18359707804980782,-0.08861150213256758,-0.8345184780550958,-0.5194013353599889,0.7269354151526313,-0.5879431553500644,-0.3964061653809353,0.07415018918816785,0.5015484618393102,0.0,0.0,0.0,0.0,0.0,0.0,0.0,1.0,0.0,0.0,0.0,1
33,-0.5232520704648906,-0.13612009145843185,-0.5261024941637521,-0.8502855119794821,0.6293296555468442,-1.1005734887239198,-0.7741733723861141,1.2308038487579291,-0.029308014648869788,-0.8526856760334096,-0.5592353583657885,-0.1879870960355867,-0.7164059899870042,-0.6941649848993684,-0.6588379354566305,1.3503910684537008,-0.5320463510061285,-0.611579786653946,0.39771465110017257,0.4907667027196742,0.0,0.0,0.0,0.0,1.0,0.0,0.0,0.0,0.0,0.0,0.0,1
34,-0.48716572077765685,0.5225588682728125,-0.8228497112885209,-0.9462085149514748,1.1527882695007943,-1.2557324605316305,-0.34535120764238036,1.4272087182405775,1.5089609077808412,-1.0982219422901478,-0.5592353583657885,0.21621813879531987,-0.7229402293007681,-0.8345184780550958,-0.714612575495287,2.0412473329224543,-0.5191674914075228,-0.7652752304203837,0.7212791130121773,1.097893896799722,0.0,0.0,0.0,0.0,0.0,0.0,1.0,0.0,0.0,0.0,0.0,1
35,-0.451079371090423,1.3412027182245023,-0.994323402621097,-0.9974483975517038,-0.1583111087665205,-1.3613167509024382,0.0,1.6236135877232258,0.8763394894655918,-1.2618032209698935,-0.5592353583657885,-0.23589004055868606,-0.7228831340057934,-0.3573166013256225,-0.6309506154373019,0.0,-0.4654158523110911,-0.9804488516933952,1.044843574924182,1.7416524768021666,0.0,0.0,0.0,1.0,0.0,0.0,0.0,0.0,0.0,0.0,0.0,1
36,-0.41499302140318917,3.5713014818860005,-1.1050261069736305,2.681866584799338,0.031096563042904167,-1.0176916225625345,-1.0174938141789067,-1.7152691934817954,0.7897702427487684,-1.0474931197658863,0.0954792075258661,-0.16293812989815223,0.015428813154546061,2.477823960420072,1.9625701463602263,-1.5646853645485999,-0.44236642063075693,-0.119754366601349,-1.220107658459851,-1.1512556278195494,1.0,0.0,0.0,0.0,0.0,0.0,0.0,0.0,0.0,0.0,0.0,0
37,-0.3789066717159553,1.4823482095954832,-0.9259116190324527,1.1932387158922106,-0.1396010983803409,-0.6666019783261089,-0.4553673809942372,-1.518864323999147,1.1160697111429496,-0.2478841634331446,0.0954792075258661,-0.20102806555276723,-0.27892915204801927,0.9620062343382162,1.2653871458770198,-1.3456333782536292,-0.41265808019332995,1.0790700947768583,-0.8965431965478463,-0.7042522826264362,0.0,0.0,0.0,1.0,0.0,0.0,0.0,0.0,0.0,0.0,0.0,0
38,-0.3428203220287215,0.1743999895577263,-0.5829642363673007,0.765834955814471,-0.03864500067158023,0.48138908713903705,-0.27066869580498853,-1.3224594545164987,-0.5021092851792142,0.5771439869074344,0.0954792075258661,-0.2120031317583343,-0.5073103319465613,0.48480435760874135,0.6518661054517981,-0.8906792528717672,-0.3949087202509172,0.9253746510104215,-0.5729787346358416,-0.5503975695737612,0.0,0.0,0.0,0.0,1.0,0.0,0.0,0.0,0.0,0.0,0.0,2
39,-0.30673397234148764,-0.3619528776520014,-0.22118140159722305,0.15872734206768174,0.007740233410823328,1.5109774866593473,0.34767038069814804,-1.1260545850338504,-0.781794543802798,0.9387101085706363,0.0954792075258661,-0.21393990814755195,-0.4349896249786897,0.23216806992843275,0.4008802252778437,-0.705327572160638,-0.3629095164276547,0.7716792072439846,-0.24941427272383687,-0.42768908728559285,0.0,0.0,0.0,0.0,1.0,0.0,0.0,0.0,0.0,0.0,0.0,2
40,-0.2706476226542538,-0.6724729586681594,0.145576835615665,-0.011262789781419279,0.1992863034906351,2.0926949323883224,0.9579790795843609,-0.9296497155512021,-0.7351803340322008,1.61363353567528,0.0954792075258661,-0.22233260583416206,-0.04166648182008945,0.0918145767727061,0.20566898514254592,-0.25037344677877604,-0.3396865721372943,0.21837560968481118,0.07415018918816785,-0.39088891240582463,1.0,0.0,0.0,0.0,0.0,0.0,0.0,0.0,0.0,0.0,0.0,2
41,-0.23456127296701998,-0.8042087506144082,0.4387701938527122,-0.14482646480571293,0.13325321975144472,1.629380152604183,1.054343610987447,-0.7332448460685539,-0.8350679263977664,1.7768861178807862,0.0954792075258661,-0.2333076720397291,1.040606554032446,0.06374387814155981,-0.04531689503140842,0.6932351095687896,-0.29767319224436345,0.0032019884118004763,0.39771465110017257,-0.29264319542788875,1.0,0.0,0.0,0.0,0.0,0.0,0.0,0.0,0.0,0.0,0.0,2
42,-0.19847492327978614,-0.8888960454369969,0.6662171626669062,-0.24196368300519921,0.05607442690845394,1.6036404426161752,0.7170677510766453,-0.5368399765859055,-1.1080940121969791,1.2893196810925291,0.0954792075258661,-0.238472409077643,-0.08099879613594949,0.03567317951041432,-0.324190095224691,0.5921341928172646,-0.2706564368370889,0.2491146984380994,0.7212791130121773,-0.28470560828755564,0.0,0.0,0.0,0.0,1.0,0.0,0.0,0.0,0.0,0.0,0.0,2
43,-0.1623885735925523,-0.9077154442864609,0.8279177420582474,-0.32695874892974974,0.25097036843115794,0.0,0.8535841705643508,-0.34043510710325725,-1.1347307034944631,1.4405200592425953,0.0954792075258661,-0.24170036972633918,0.7614740008231167,-0.04853891638302214,-0.4078520552826758,0.760635720736473,-0.2269982070944586,-0.2119716328612111,1.044843574924182,-0.2136914316822348,0.0,0.0,0.0,0.0,1.0,0.0,0.0,0.0,0.0,0.0,0.0,2
44,-0.12630222390531845,-0.9077154442864609,0.8279177420582474,-0.39981166257936446,0.28488226225610846,1.135177720834434,0.5564601987381683,-0.14403023762060893,-0.4022216928136486,1.0636147687815607,0.0954792075258661,-0.23782681694790375,1.1801728306371106,-0.1327510122764586,-0.4078520552826758,0.8954369430718389,-0.20166150099237823,-0.33492798787436057,1.3684080368361866,-0.18471074174090482,0.0,0.0,0.0,1.0,0.0,0.0,0.0,0.0,0.0,0.0,0.0,2
45,-0.09021587421808461,-0.8512572477380685,0.7586174937476725,-0.8837978522583049,0.060751929504998844,0.5091879739260853,0.19027497940644045,0.05237463186203936,-0.342289137394309,0.6100136343313618,0.0954792075258661,-0.23782681694790375,0.1879834824112222,-0.1327510122764586,-0.5472886553793171,0.760635720736473,-0.15314836909602256,-0.8882315854335332,2.3391014225722007,0.0738653409917185,0.0,0.0,0.0,1.0,0.0,0.0,0.0,0.0,0.0,0.0,0.0,2
46,-0.054129524530850764,-0.7195214557918197,0.48852421828081705,-0.5333753376036581,0.3491979229586007,-0.09981356439017812,-0.23453199652883125,0.24877950134468765,-0.20910568090688827,-0.036313199514465,0.0954792075258661,-0.24234596185607843,4.7200811190645116,-0.10468031364531312,-0.324190095224691,0.3056815953546106,-0.13315783911670764,-0.5808406979006595,2.0155369606601963,-0.15015362513952235,0.0,0.0,0.0,1.0,0.0,0.0,0.0,0.0,0.0,0.0,0.0,2
47,-0.01804317484361692,-0.456049871899322,0.15979227116655215,-0.6426547080780801,-0.1583111087665205,-1.1036622539224805,-0.7035060493571841,0.445184370827336,-0.9482738644120741,-0.7386279994723813,0.0954792075258661,-0.2455739225047746,0.5064483499364115,0.0918145767727061,-0.10109153507006494,-0.09872207165148894,-0.07040894312170018,-0.18123254410792372,2.3391014225722007,0.267353268077451,0.0,0.0,0.0,0.0,1.0,0.0,0.0,0.0,0.0,0.0,0.0,2
48,0.01804317484361692,-0.2113976868562884,-0.07831627431080745,-0.4119538148543002,-0.041373543852898084,-0.2491038823206231,-0.9339778869628987,0.6415892403099842,0.12385296031166391,-0.9191700162228736,0.0954792075258661,-0.24428273824529614,0.31486191568819,-0.6099528890059319,0.06623238504590462,0.05292930347579852,-0.03722482900053389,0.06468016591837521,-0.5729787346358416,-0.6773073094419606,0.0,0.0,0.0,0.0,0.0,0.0,0.0,0.0,0.0,1.0,0.0,1
49,0.054129524530850764,-0.15493949030789592,-0.07831627431080745,-0.5576596421535297,0.27516358123613727,0.1158852053093269,-0.6264144242347152,0.8379941097926326,0.9429312177093027,-0.8361412868300329,0.0954792075258661,-0.252029843802167,0.1245442657727383,0.06374387814155981,0.010457745007248097,0.3562320537303731,0.01649920267982353,0.12615834342494994,-0.24941427272383687,-0.21857544368728635,0.0,0.0,0.0,0.0,0.0,0.0,0.0,0.0,0.0,1.0,0.0,1
50,0.09021587421808461,0.04266419761147721,-0.1883082068857966,-0.6790811649028875,0.2494112008989763,-0.4030273480489095,0.41833770372707785,1.0343989792752808,0.07057957771669553,-0.39919410707462394,0.0954792075258661,-0.26300491000773407,-0.4130396560217742,-0.24503380680104056,0.010457745007248097,0.5078834288576601,0.05860051219295069,0.06468016591837521,0.07415018918816785,0.15383584667342012,0.0,0.0,0.0,0.0,0.0,0.0,0.0,1.0,0.0,0.0,0.0,1
51,0.12630222390531845,0.24026788553085066,-0.26844772480392276,-0.7397919262775665,0.609920358522481,-1.1515381145001748,0.2440785094398304,1.2308038487579291,0.030624540770469517,-0.5977267775151457,0.0954792075258661,-0.26558727852669095,-0.5415675089313425,-0.24503380680104056,-0.10109153507006494,0.5921341928172646,0.13921416712956095,-0.05827618909477426,0.39771465110017257,0.2720178632734957,0.0,0.0,0.0,0.0,1.0,0.0,0.0,0.0,0.0,0.0,0.0,1
52,0.1623885735925523,0.7295722556169179,-0.5012254819496996,-0.8017169028797388,1.0340766058106787,-1.1919494591813473,0.052152484395350286,1.4272087182405775,2.2081740543398007,-0.9658668286631331,0.0954792075258661,-0.11839227925691234,-0.7173068268511706,-0.46959939585020444,-0.18475349512804973,1.5357427491648303,0.1296132740785233,-0.18123254410792372,0.7212791130121773,0.6965967516822497,0.0,0.0,0.0,0.0,0.0,0.0,1.0,0.0,0.0,0.0,0.0,1
53,0.19847492327978614,2.3480405566708327,-0.7517725335340852,-0.8694701125738807,-0.18013945421706334,-1.3427841597110728,0.0,1.6236135877232258,1.1959797850354021,-1.2128274463082414,0.0954792075258661,-0.29334774010547815,-0.7229313478104388,0.03567317951041432,-0.24052813516670624,1.4346418324133055,0.1901912609105375,-0.3656670766276488,1.044843574924182,1.1909717147092482,0.0,0.0,0.0,1.0,0.0,0.0,0.0,0.0,0.0,0.0,0.0,1
54,0.23456127296701998,4.898069100773221,-1.044432812937974,3.6665951342966303,0.025524877866653136,-1.0563011875445463,-1.026327229557523,-1.7152691934817954,1.0960921926698364,-1.059107061855674,0.7501937734175207,-0.23976359333712147,-0.2675100930530922,3.600651905665891,2.576091186785447,-1.615235822924362,0.21244907699021218,0.15689743217823818,-1.220107658459851,-1.2346700797081187,1.0,0.0,0.0,0.0,0.0,0.0,0.0,0.0,0.0,0.0,0.0,0
55,0.2706476226542538,1.9810622791062822,-0.7553263924218071,2.1014717060574077,-0.10193940664049359,-0.676897862321312,-0.5790351962948644,-1.518864323999147,0.4101973917596186,-0.2917103599983812,0.7501937734175207,-0.2713976076943441,-0.49462248861886454,1.4953495083299797,1.5721476660896307,-1.446734295005154,0.2734828352063434,1.5094173373228814,-0.8965431965478463,-0.8465649057754048,1.0,0.0,0.0,0.0,0.0,0.0,0.0,0.0,0.0,0.0,0.0,0
56,0.30673397234148764,0.4284618740254919,-0.28444008979867075,1.4093690263860676,0.024891076264821274,0.6615670570550913,-0.5115800243127041,-1.3224594545164987,-0.4355175569355037,-0.0813446164852455,0.7501937734175207,-0.2681696470456479,-0.5529865679262698,0.7935820425513433,1.1259505457803785,-1.0928810863748168,0.2952715742316503,1.2327655385432952,-0.5729787346358416,-0.7389958887895142,0.0,0.0,0.0,0.0,1.0,0.0,0.0,0.0,0.0,0.0,0.0,2
57,0.3428203220287215,0.287316382654511,-0.17658047255631476,1.2879475036367098,0.09505361521299474,0.6409752890646851,-0.7765824856711911,-3.4888513319701583e-16,0.5034258113008137,-0.21501451600921714,0.7501937734175207,-0.26300491000773407,-0.5796310389144329,0.765511343920197,0.6518661054517981,-1.059180780790975,0.31198137692178995,1.1712873610367205,-0.8965431965478463,-0.7502759744069223,0.0,0.0,0.0,1.0,0.0,0.0,0.0,0.0,0.0,0.0,0.0,3
58,0.3789066717159553,0.2684969838050469,-0.17373738544613732,1.4215111786610035,0.21666868272316206,0.2960631752253812,-0.2867294510388362,-3.4888513319701583e-16,-0.4887909395304721,-0.07038806734393635,0.7501937734175207,-0.2713976076943441,-0.5644056269211969,0.709369946657906,1.0144012657030654,-1.0423306279990547,0.32290922042643294,1.2942437160498699,-0.8965431965478463,-0.7695964343678089,0.0,0.0,0.0,0.0,1.0,0.0,0.0,0.0,0.0,0.0,0.0,3
59,0.41499302140318917,0.24967758495558284,-0.13215723645979247,1.3243739604615172,0.5885301391484813,0.07984961132611605,-0.6240053109496381,-3.4888513319701583e-16,-0.495450112354843,0.02822087492784599,0.7501937734175207,-0.26300491000773407,-0.5073103319465613,0.6812992480267606,0.9586266256644089,-1.0254804752071338,0.36893547628282636,1.2327655385432952,-0.8965431965478463,-0.7542814356183254,0.0,0.0,0.0,0.0,1.0,0.0,0.0,0.0,0.0,0.0,0.0,3
60,0.451079371090423,0.0,-0.09786249819327716,1.227236742262031,0.03658483275618352,0.0,0.0,-3.4888513319701583e-16,0.0,0.1892821473050905,0.7501937734175207,-0.27591675260251874,-0.49589127295163427,0.653228549395615,0.9307393056450807,0.0,0.3781944514857854,1.2020264497900077,-0.8965431965478463,-0.7374938408352381,0.0,0.0,0.0,0.0,0.0,0.0,0.0,0.0,0.0,0.0,1.0,3
61,0.48716572077765685,0.18380968898245814,-0.04100075598972874,1.1300995240625447,0.03658483275618352,-0.5584951963764763,-0.47945851384500865,-3.4888513319701583e-16,3.0605481758592945,0.08957755011917723,0.7501937734175207,-0.279144713251215,-0.5580617052573484,0.5970871521333241,0.9028519856257524,-0.9749300168313713,0.45338656205374833,1.1098091835301458,-0.8965431965478463,-0.7193190605884955,0.0,0.0,0.0,0.0,0.0,0.0,0.0,1.0,0.0,0.0,0.0,3
62,0.5232520704648906,1.0306826372083437,-0.44560759035685366,1.0329623058630584,0.17846907818471208,-0.5018678344028592,0.0,-3.4888513319701583e-16,0.13717130596040633,-0.1898144529842061,0.7501937734175207,-0.2817270817701719,-0.5466426462624213,0.5690164535021786,0.7913027055484394,0.0,0.4755277097452418,1.1098091835301458,-0.8965431965478463,-0.7114627607492172,1.0,0.0,0.0,0.0,0.0,0.0,0.0,0.0,0.0,0.0,0.0,3
63,0.5593384201521245,0.18380968898245814,0.02652256287698528,0.7172663467147279,0.03658483275618352,0.6409752890646851,0.0,-3.4888513319701583e-16,-0.5087684580035851,0.3481521098540732,0.7501937734175207,-0.2468651067642531,-0.583437391912742,0.5409457548710331,0.8191900255677677,-0.9243795584556088,0.5484941104293038,1.0175919172702836,-0.8965431965478463,-0.5702670133359753,0.0,0.0,0.0,0.0,1.0,0.0,0.0,0.0,0.0,0.0,0.0,3
64,0.5954247698393583,0.11794179300933377,0.08498354158000841,0.8629721740139573,0.29579643498137986,0.5946438110862712,0.0,-3.4888513319701583e-16,-0.5354051493010693,0.3952652711617025,0.7501937734175207,-0.27720793686199724,-0.5821686075799724,0.5128750562398876,0.7913027055484394,0.0,0.5716201526892442,0.9868528285169963,-0.8965431965478463,-0.6544983283813068,0.0,0.0,0.0,0.0,1.0,0.0,0.0,0.0,0.0,0.0,0.0,3
65,0.6315111195265922,0.09912239415986972,0.1420229767279433,0.7779771080894068,-0.021104365934536847,0.09014549532131916,0.0,-3.4888513319701583e-16,-0.5420643221254405,0.45662194635303377,0.7501937734175207,-0.2836638581593896,-0.5872437449110511,0.45673365897759666,0.7634153855291111,-0.8906792528717672,0.6209635776240306,0.9561137397637088,-0.8965431965478463,-0.6323357580755642,0.0,0.0,0.0,0.0,1.0,0.0,0.0,0.0,0.0,0.0,0.0,3
66,0.667597469213826,0.07089329588567346,0.185557748102535,0.6929820421648564,0.03658483275618352,0.14162491529733467,0.0,-3.4888513319701583e-16,-0.5487234949498114,0.5245525510291504,0.7501937734175207,-0.2894741873270427,-0.5199981752742581,0.42866296034645035,0.7355280655097829,-0.8738291000798464,0.6545111433778136,0.8946355622571341,-0.8965431965478463,-0.6080526494814316,0.0,0.0,0.0,0.0,1.0,0.0,0.0,0.0,0.0,0.0,0.0,3
67,0.7036838189010599,0.04266419761147721,0.23264637836484872,0.6201291285152416,0.03658483275618352,0.2239919872589595,0.0,-3.4888513319701583e-16,-0.5620418405985534,0.5848135713063508,0.7501937734175207,-0.2868918188080858,-0.5326860186019549,0.40059226171530565,0.7076407454904546,-0.8569789472879255,0.6866554241725458,0.8638964735038468,-0.8965431965478463,-0.5826650938620955,0.0,0.0,0.0,0.0,1.0,0.0,0.0,0.0,0.0,0.0,0.0,3
68,0.7397701685882937,0.01443509933728129,0.27902423684961786,0.5472762148656269,0.24278473888720442,-0.21358308253717237,0.0,-3.4888513319701583e-16,-0.5753601862472956,0.6023440499324454,0.7501937734175207,-0.29205655584599965,-0.5073103319465613,0.3444508644530147,0.6797534254711264,-0.8401287944960046,0.7097796719504413,0.8331573847505594,-0.8965431965478463,-0.5601019774352125,0.0,0.0,0.0,0.0,1.0,0.0,0.0,0.0,0.0,0.0,0.0,3
69,0.7758565182755276,0.6448849607943294,-0.13954926294625375,0.486565453490948,-0.16610694642742865,-0.5893828483620857,-0.9251444715842825,-3.4888513319701583e-16,0.7231785145050581,-0.18762314315594425,0.7501937734175207,-0.30174043779208826,-0.22817777873723216,0.3163801658218684,0.8470773455870959,0.0,0.7665236788751533,1.0175919172702836,-0.8965431965478463,-0.5395298108457623,0.0,0.0,0.0,1.0,0.0,0.0,0.0,0.0,0.0,0.0,0.0,3
70,0.8119428679627614,-0.013793998936914966,0.37131795216375274,0.4622811489410764,-0.025781868531081747,0.72334236102631,0.0,-3.4888513319701583e-16,-0.5953377047204089,0.7316313297998934,0.7501937734175207,-0.2952845164946959,-0.5199981752742581,0.260238768559579,0.6239787854324698,-1.261382614294025,0.7930516449808347,0.802418295997272,-0.8965431965478463,-0.783476830061355,0.0,0.0,0.0,0.0,1.0,0.0,0.0,0.0,0.0,0.0,0.0,3
71,0.8480292176499953,-0.4090013747756617,0.9878413920057276,0.04944797159325966,-0.15285402240388477,1.5521610226401596,0.8214626600966555,-1.1260545850338504,-0.801772062275911,1.3528676661121222,0.7501937734175207,-0.301094845662349,-0.43118327198038064,0.23216806992843275,0.3451055852391872,-0.7558780305364006,0.841684869137113,0.6179837634775478,-0.24941427272383687,-0.37138585053677087,0.0,0.0,0.0,0.0,1.0,0.0,0.0,0.0,0.0,0.0,0.0,2
72,0.8841155673372291,-0.6630632592434273,1.5820465980328098,-0.30267444437987817,-0.0327981224258991,2.4942344082012435,0.7893411496289598,-0.9296497155512021,-0.7285211612078296,2.192139330336403,0.7501937734175207,-0.30496839844078444,0.00654732282515828,0.20409737129728805,0.17778166512321766,-0.41887497469798435,0.8756127270473177,0.4335492309578236,0.07415018918816785,-0.15800668526752673,1.0,0.0,0.0,0.0,0.0,0.0,0.0,0.0,0.0,0.0,0.0,2
73,0.920201917024463,-0.7919761413622567,2.052222128878402,-0.3755273580294929,0.15986041368812426,2.8339985800429464,1.616470044172117,-0.7332448460685539,-0.8284087535733952,2.642453500044209,0.7501937734175207,-0.3094875433489591,1.4719932271741365,0.0918145767727061,-0.07320421505073668,-0.08187191885956811,0.9155347071355489,0.2798537871913859,0.39771465110017257,-0.06539217552209343,1.0,0.0,0.0,0.0,0.0,0.0,0.0,0.0,0.0,0.0,0.0,2
74,0.9562882667116968,-0.8559620974504346,2.357853993222475,-0.4483802716791076,-0.09984232630970927,2.21624554033076,1.5361662680028783,-0.5368399765859055,-1.094775666548237,2.393739834536491,0.7501937734175207,-0.30625958270026293,-0.11398718878796113,0.03567317951041432,-0.24052813516670624,0.2551311369788481,0.9482080840593428,0.15689743217823818,0.7212791130121773,-0.07437795651914596,0.0,0.0,0.0,0.0,1.0,0.0,0.0,0.0,0.0,0.0,0.0,2
75,0.9923746163989307,-0.8954828350343094,2.6332780570209136,-0.5090910330537866,0.27045996258342836,2.3912755682492124,1.3514675828136293,-0.34043510710325725,-1.1080940121969791,2.255687315355996,0.7501937734175207,-0.31077872760843755,0.3808387009922133,0.03567317951041432,-0.29630277520536275,0.760635720736473,1.003740401492559,0.0032019884118004763,1.044843574924182,0.10372075297700975,0.0,0.0,0.0,0.0,1.0,0.0,0.0,0.0,0.0,0.0,0.0,2
76,1.0284609660861646,-0.8851321656671041,2.606624115363,-0.5455174898785938,0.4512454379398886,1.7014513405706047,1.023025138281444,-0.14403023762060893,-0.3755850015161644,1.550085550655687,0.7501937734175207,-0.3094875433489591,1.1421093006540202,-0.04853891638302214,-0.4915140153406606,0.760635720736473,1.0311683693622589,-0.119754366601349,1.3684080368361866,0.2594595642989192,0.0,0.0,0.0,1.0,0.0,0.0,0.0,0.0,0.0,0.0,0.0,2
77,1.0645473157733982,-0.8324378488886045,2.4342619593084933,-0.6183704035282086,0.6711660183541078,1.011627112891997,0.5532480476913988,0.05237463186203936,-0.322311618921196,0.8510577154401632,0.7501937734175207,-0.3094875433489591,0.1854459137456828,-0.04853891638302214,-0.4636266953213323,0.760635720736473,1.070743600304598,-0.42714525413422355,1.6919724987481914,0.25704745199587586,0.0,0.0,0.0,1.0,0.0,0.0,0.0,0.0,0.0,0.0,0.0,2
78,1.1006336654606321,-0.7289311552165518,2.052222128878402,-0.764076230827438,0.7415741261885999,0.34239465320379514,-0.1759102399252871,0.24877950134468765,-0.2157648537312592,0.0759695160856712,0.7501937734175207,-0.31206991186791605,3.3117305096901695,-0.02046821775187665,-0.4357393753020041,1.0976387765748887,1.096730033140276,-0.550101609147373,2.0155369606601963,0.33560249837007655,0.0,0.0,0.0,1.0,0.0,0.0,0.0,0.0,0.0,0.0,0.0,2
79,1.136720015147866,-0.29608498167887687,1.0297769268808445,-0.7894533290820539,-0.1583111087665205,-1.1067510191210415,-1.0098649554428292,0.445184370827336,-0.941614691587703,-1.1328665506749673,0.7501937734175207,-0.30625958270026293,-0.6176945688975233,0.23216806992843275,-0.18475349512804973,0.2551311369788481,1.1467744241728945,-0.45788434288751007,2.3391014225722007,0.6925453454745982,0.0,0.0,0.0,0.0,0.0,0.0,0.0,1.0,0.0,0.0,0.0,2
80,1.1728063648351,-0.07025219548530748,0.7284096932020373,-0.594086098978337,-0.011359568858401661,-0.5718798455702403,-0.8480528464618134,0.6415892403099842,-0.628633568842264,-0.7578019604696724,0.7501937734175207,-0.3127155039976553,-0.138094091110585,-0.5257407931124954,0.12200702508456114,0.08662960905964018,1.1990628702173942,-0.05827618909477426,-0.5729787346358416,-0.5824922110877505,0.0,0.0,0.0,0.0,1.0,0.0,0.0,0.0,0.0,0.0,0.0,1
81,1.2088927145223336,0.03325449818674535,0.6395632210089928,-0.6305125558031444,-0.0192555206665512,-0.4926015388071764,-0.8111131094239639,0.8379941097926326,0.36358318198902173,-0.731451459784824,0.7501937734175207,-0.2927021479757389,-0.27512279904971026,-0.3573166013256225,0.12200702508456114,0.08662960905964018,1.2379893268819904,0.15689743217823818,-0.24941427272383687,-0.19714546045634104,0.0,0.0,0.0,1.0,0.0,0.0,0.0,0.0,0.0,0.0,0.0,1
82,1.2449790642095675,0.3155454809287072,0.3547214311580919,-0.6183704035282086,0.20901394972391632,-0.5224596023932654,-0.3108205838896078,1.0343989792752808,0.23039972550160073,-0.7929724832132747,0.7501937734175207,-0.31529787251661223,-0.6227697062286021,-0.21696310816989586,0.31721826521985896,0.2551311369788481,1.262565448671227,0.1876365209315247,0.07415018918816785,-0.23577565987898974,0.0,0.0,0.0,0.0,0.0,0.0,0.0,1.0,0.0,0.0,0.0,1
83,1.2810654138968014,0.44728127287495595,0.2788465439052319,-0.6669390126279517,0.5822934690197548,-0.8781823944275325,-0.3911243600588463,1.2308038487579291,-0.7018844699103454,-0.8121464442105658,0.7501937734175207,-0.314652280386873,9.015254908957204e-17,-0.49767009448134997,0.1498943451038894,0.4236326648980564,1.2628360013487538,0.1876365209315247,0.39771465110017257,0.09658455259816362,0.0,0.0,0.0,0.0,0.0,0.0,0.0,0.0,1.0,0.0,0.0,1
84,1.3171517635840353,0.0,0.0,-0.6912233171778233,0.9331061637606219,0.0,0.0,1.4272087182405775,0.0,-0.7595550083322818,0.7501937734175207,7.167512469532926e-17,-0.697627981862013,-0.3573166013256225,0.20566898514254592,0.760635720736473,1.2766397093858448,0.09541925467166346,0.7212791130121773,0.36268560106250447,0.0,0.0,0.0,0.0,0.0,0.0,0.0,0.0,0.0,0.0,1.0,1
85,1.353238113271269,0.0,-0.5954027424743268,-0.7762183831023738,-0.1583111087665205,-1.3147278758241443,0.0,1.6236135877232258,0.0,-1.1682342913031132,0.7501937734175207,-0.3346656364087894,-0.7229579922814269,0.14795597403499708,0.06623238504590462,0.0,1.4422842058309346,-0.02753710034148602,1.044843574924182,0.7841396406879505,0.0,0.0,0.0,1.0,0.0,0.0,0.0,0.0,0.0,0.0,0.0,1
86,1.3893244629585029,0.0,0.0,2.657582280249467,0.031127746393547807,0.0,0.010394520787346288,-1.7152691934817954,0.0,-1.0608601097182835,1.4049083393091752,7.167512469532926e-17,9.015254908957204e-17,3.7410053988216188,2.3251053066114937,-1.7668871980516496,1.4560879138680254,0.4335492309578236,-1.220107658459851,-1.1819996337034377,1.0,0.0,0.0,0.0,0.0,0.0,0.0,0.0,0.0,0.0,0.0,0
87,1.4254108126457368,2.545644244590206,-0.3999405036496288,1.7857757469090771,-0.11933192046197968,-0.826188180251757,-0.4232458705265418,-1.518864323999147,0.0,-0.3234843525081777,1.4049083393091752,-0.3178802410355692,-0.48193464529116775,1.916409987797162,1.7115842661862712,-1.4298841422132331,1.4974990379792978,1.4786782485695942,-0.8965431965478463,-0.8269028035347218,0.0,0.0,0.0,0.0,0.0,0.0,0.0,0.0,0.0,0.0,1.0,0
88,1.4614971623329704,0.43222575379538464,0.41211619796721555,1.2636631990868383,-0.021883949700627688,0.09992658511676199,-0.35097247197422704,-1.3224594545164987,0.603313403666379,0.05670790269524978,1.4049083393091752,-0.31788024276718224,-0.5707495485850452,0.9058648370759252,1.293274465896348,-1.0928810863748168,1.5113027460163888,1.5094173373228814,-0.5729787346358416,-0.7969201592521274,0.0,0.0,0.0,1.0,0.0,0.0,0.0,0.0,0.0,0.0,0.0,2
89,1.4975835120202043,0.1743999895577263,0.7159711870950111,1.4336533309359394,2.1637796168450408e-17,1.236592178187185,0.099531712335201,-3.4888513319701583e-16,0.4501524287058452,0.8324315818999376,1.4049083393091752,-0.32239938594374384,-0.03786012882178045,0.8497234398136343,0.9865139456837372,-0.7558780305364006,1.580841685994841,1.3557218935564446,-0.8965431965478463,-0.5240557717246496,0.0,0.0,0.0,1.0,0.0,0.0,0.0,0.0,0.0,0.0,0.0,3
90,1.5336698617074382,-0.27726558282941277,1.353888857441071,0.6686977376149847,2.1637796168450408e-17,1.0692840632651341,0.14691094027505172,-3.4888513319701583e-16,-0.322311618921196,0.9255622496010654,1.4049083393091752,-0.31723464890583,-0.12667503211565792,0.7935820425513433,0.8191900255677677,-0.41887497469798435,1.5670128552091227,1.2635046272965826,-0.8965431965478463,-0.6467819251652213,0.0,0.0,0.0,0.0,0.0,0.0,0.0,0.0,0.0,1.0,0.0,3
91,1.5697562113946721,-0.5125080684477143,2.0077988927818797,0.3651439307415901,2.1637796168450408e-17,0.7387861870191146,-0.1823345420188262,-3.4888513319701583e-16,-1.0348431111288976,0.15038639785344302,1.4049083393091752,-0.3211082016842654,-0.37408797700574514,0.7374406452890515,0.8470773455870959,-0.08187191885956811,1.66354259962374,1.2020264497900077,-0.8965431965478463,-0.5572333603617516,0.0,0.0,0.0,0.0,0.0,0.0,1.0,0.0,0.0,0.0,0.0,3
92,1.6058425610819058,0.29672608207924317,2.2210304260451865,0.6322712807901774,2.1637796168450408e-17,0.32180288521338896,-0.4232458705265418,-3.4888513319701583e-16,0.21042220702848743,-0.3892236473560326,1.4049083393091752,7.167512469532926e-17,-0.6468766085512259,0.6812992480267606,0.8749646656064242,-0.7558780305364006,1.649339826387297,1.140548272283433,-0.8965431965478463,-0.5361899630415479,0.0,0.0,0.0,0.0,0.0,0.0,1.0,0.0,0.0,0.0,0.0,3
93,1.6419289107691397,0.0,2.14817631884689,0.40157038756639746,2.1637796168450408e-17,0.3604124501954006,-0.9693115484773638,-3.4888513319701583e-16,0.0,-0.3881279924419017,1.4049083393091752,7.167512469532926e-17,-0.6468766085512259,0.7935820425513433,0.9028519856257524,-0.7558780305364006,1.7459657826469326,1.0483310060235709,-0.8965431965478463,-0.6067862168925318,0.0,0.0,0.0,0.0,0.0,1.0,0.0,0.0,0.0,0.0,0.0,3
94,1.6780152604563736,0.2684969838050469,1.0518108519847196,0.3894282352914617,2.1637796168450408e-17,-0.1801214595527623,-0.3911243600588463,-3.4888513319701583e-16,0.0,-0.0013618077536887126,1.4049083393091752,7.167512469532926e-17,-0.5961252352404388,0.821652741182488,0.7355280655097829,0.0,1.7321620746098418,0.9868528285169963,-0.8965431965478463,-0.6221012156420153,0.0,0.0,0.0,0.0,0.0,0.0,0.0,0.0,0.0,0.0,1.0,3
95,1.7141016101436075,0.031372558301798976,1.0233799808829454,0.5472762148656269,2.1637796168450408e-17,0.0,0.0,-3.4888513319701583e-16,0.0,0.07862100097786807,1.4049083393091752,7.167512469532926e-17,9.015254908957204e-17,0.8497234398136343,0.7355280655097829,0.0,1.787376906758205,0.9868528285169963,-0.8965431965478463,-0.6169176776037287,0.0,0.0,0.0,0.0,0.0,0.0,0.0,0.0,0.0,0.0,1.0,3
